Date:,Details: ,Key-word:
3/16/20,"The United States will be powerfully supporting those industries, like airlines and others, that are particularly affected by the Chinese Virus. We will be stronger than ever before!",Chinese virus
3/17/20,"Cuomo wants ‚Äúall states to be treated the same.‚Äù But all states aren‚Äôt the same. Some are being hit hard by the Chinese Virus, some are being hit practically not at all. New York is a very big ‚Äúhotspot‚Äù, West Virginia has, thus far, zero cases. Andrew, keep politics out of it....",Chinese virus
3/18/20,"For the people that are now out of work because of the important and necessary containment policies, for instance the shutting down of hotels, bars and restaurants, money will soon be coming to you. The onslaught of the Chinese Virus is not your fault! Will be stronger than ever!",Chinese virus
3/18/20,I will be having a news conference today to discuss very important news from the FDA concerning the Chinese Virus!,Chinese virus
3/18/20,"I always treated the Chinese Virus very seriously, and have done a very good job from the beginning, including my very early decision to close the ""borders"" from China - against the wishes of almost all. Many lives were saved. The Fake News new narrative is disgraceful & false!",Chinese virus
3/18/20,"I only signed the Defense Production Act to combat the Chinese Virus should we need to invoke it in a worst case scenario in the future. Hopefully there will be no need, but we are all in this TOGETHER!",Chinese virus
3/21/20,CHINESE VIRUS FACT CHECK https://t.co/qJugCylvE2,Chinese virus
3/22/20,"My friend (always there when I‚Äôve needed him!), Senator @RandPaul, was just tested ‚Äúpositive‚Äù from the Chinese Virus. That is not good! He is strong and will get better. Just spoke to him and he was in good spirits.",Chinese virus
3/27/20,Just finished a very good conversation with President Xi of China. Discussed in great detail the CoronaVirus that is ravaging large parts of our Planet. China has been through much & has developed a strong understanding of the Virus. We are working closely together. Much respect!,Chinavirus 
4/10/20,RT @SenTomCotton: .@Max_Fisher claims‚Äîwithout evidence‚Äîthat I believe the China virus was ‚Äúproduced by a Chinese weapons lab.‚Äù He should ha‚Ä¶,Chinavirus 
4/19/20,RT @ArthurSchwartz: She calls it ‚Äúthe flu‚Äù and says that calling it the China Virus is racist towards Asian Americans.,Chinavirus 
5/3/20,"Intelligence has just reported to me that I was correct, and that they did NOT bring up the CoronaVirus subject matter until late into January, just prior to my banning China from the U.S. Also, they only spoke of the Virus in a very non-threatening, or matter of fact, manner...",Chinavirus 
5/10/20,".@CBS and their show, @60Minutes, are doing everything within their power, which is far less today than it was in the past, to defend China and the horrible Virus pandemic that was inflicted on the USA and the rest of the World. I guess they want to do business in China!",Chinavirus 
5/20/20,"Some wacko in China just released a statement blaming everybody other than China for the Virus which has now killed hundreds of thousands of people. Please explain to this dope that it was the ‚Äúincompetence of China‚Äù, and nothing else, that did this mass Worldwide killing!",Chinavirus 
5/25/20,"Great reviews on our handling of Covid 19, sometimes referred to as the China Virus. Ventilators, Testing, Medical Supply Distribution, we made a lot of Governors look very good - And got no credit for so doing. Most importantly, we helped a lot of great people!",Chinavirus 
5/26/20,"....One person lost to this invisible virus is too much, it should have been stopped at its source, China, but I acted very quickly, and made the right decisions. Many of the current political complainers thought, at the time, that I was moving far to fast, like Crazy Nancy!",Chinavirus 
5/28/20,"All over the World the CoronaVirus, a very bad 'gift' from China, marches on. Not good!",Chinavirus 
7/5/20,"New China Virus Cases up (because of massive testing), deaths are down, ""low and steady"". The Fake News MEdia should report this also, that new job numbers are setting records!",Chinavirus 
7/6/20,"Why does the Lamestream Fake News Media REFUSE to say that China Virus deaths are down 39%, and that we now have the lowest Fatality(Mortality) Rate in the World. They just can't stand that we are doing so well for our Country!",Chinavirus 
7/6/20,"RT @realDonaldTrump: New China Virus Cases up (because of massive testing), deaths are down, ‚Äúlow and steady‚Äù. The Fake News Media should r...",Chinavirus 
7/6/20,"Deaths from the China Virus are down 39%, while our great testing program continues to lead the World, by FAR! Why isn‚Äôt the Fake News reporting that Deaths are way down? It is only because they are, indeed, FAKE NEWS!",Chinavirus 
7/6/20,"BREAKING NEWS: The Mortality Rate for the China Virus in the U.S. is just about the LOWEST IN THE WORLD! Also, Deaths in the U.S. are way down, a tenfold decrease since the Pandemic height (and, our Economy is coming back strong!).",Chinavirus 
7/7/20,"‚ÄúCOVID-19 (China Virus) Death Rate PLUNGES From Peak In U.S.‚Äù A Tenfold Decrease In Mortality. The Washington Times @WashTimes Valerie Richardson. We have the lowest Mortality Rate in the World. The Fake News should be reporting these most important of facts, but they don‚Äôt!",Chinavirus 
7/8/20,"Economy and Jobs are growing MUCH faster than anyone (except me!) expected. Job growth is biggest in history. China Virus Mortality Rate is among the LOWEST of any country. Shaping up for a good third quarter, and a great next year! NASDAQ at new record high, 401k‚Äôs way up!!!!",Chinavirus 
7/14/20,"RT @TeamTrump: President @realDonaldTrump: ‚ÄúMake no mistake, we hold China fully responsible for concealing the virus and unleashing it upo‚Ä¶",Chinavirus 
7/20/20,"We are United in our effort to defeat the Invisible China Virus, and many people say that it is Patriotic to wear a face mask when you can't socially distance. There is nobody more Patriotic than me, your favorite President!",Chinavirus 
7/21/20,"You will never hear this on the Fake News concerning the China Virus, but by comparison to most other countries, who are suffering greatly, we are doing very well - and we have done things that few other countries could have done!",Chinavirus 
7/26/20,"Because of my strong focus on the China Virus, including scheduled meetings on Vaccines, our economy and much else, I won‚Äôt be able to be in New York to throw out the opening pitch for the @Yankees on August 15th. We will make it later in the season!",Chinavirus 
7/29/20,RT @TeamTrump: White House Press Secretary @KayleighMcEnany on the @realDonaldTrump administration‚Äôs effort to develop a China Virus vaccine,Chinavirus 
7/30/20,"Major China Virus flare ups in many of the countries that the Fake News was touting as doing so well. Some of these countries are now a disaster. Lamestream Media doesn‚Äôt want to report this. Also, highly inaccurate numbers being reported by many other countries!!! @WSJ",Chinavirus 
8/2/20,"Big China Virus breakouts all over the World, including nations which were thought to have done a great job. The Fake News doesn‚Äôt report this. USA will be stronger than ever before, and soon! https://t.co/pZwjvgmVTO",Chinavirus 
8/3/20,"With the exception of New York & a few other locations, we‚Äôve done MUCH better than most other Countries in dealing with the China Virus. Many of these countries are now having a major second wave. The Fake News is working overtime to make the USA (& me) look as bad as possible!",Chinavirus 
8/3/20,"So Crazy Nancy Pelosi said horrible things about Dr. Deborah Birx, going after her because she was too positive on the very good job we are doing on combatting the China Virus, including Vaccines & Therapeutics. In order to counter Nancy, Deborah took the bait & hit us. Pathetic!",Chinavirus 
8/7/20,"I called the politicization of the China Virus by the Radical Left Democrats a Hoax, not the China Virus itself. Everybody knows this except for the Fake and very Corrupt Media!",Chinavirus 
8/7/20,Pelosi and Schumer only interested in Bailout Money for poorly run Democrat cities and states. Nothing to do with China Virus! Want one trillion dollars. No interest. We are going a different way!,Chinavirus 
9/3/20,"Sleepy Joe Hiden‚Äô was acknowledged by his own people to have done a terrible job on a much easier situation, H1N1 Swine Flu. The OBiden Administration failed badly on this, & now he sits back in his basement and criticizes every move we make on the China Virus. DOING GREAT JOB! https://t.co/p2H40mD7Sh",Chinavirus 
9/3/20,".@NYGovCuomo should get his puppet New York prosecutors, who have been illegally after me and my family for years, to investigate his incompetent handling of the China Virus, and all of the deaths caused by this incompetence. It is at minimum a Nursing Home Scandal - 11,000 DEAD!",Chinavirus 
9/7/20,"Starting to get VERY high marks in our handling of the Coronavirus (China Virus), especially when compared to other countries and areas of the world. Now the Vaccines (Plus) are coming, and fast!",Chinavirus 
9/7/20,"RT @realDonaldTrump: Starting to get VERY high marks in our handling of the Coronavirus (China Virus), especially when compared to other co",Chinavirus 
9/8/20,"My Campaign spent a lot of money up front in order to compensate for the false reporting and Fake News concerning our handling of the China Virus. Now they see the GREAT job we have done, and we have 3 times more than we had 4 years ago - & are up in polls. Lots of $‚Äôs & ENERGY!",Chinavirus 
9/8/20,"Because of the China Virus, my Campaign, which has raised a lot of money, was forced to spend in order to counter the Fake News reporting about the way we handled it (China Ban, etc.). We did, and are doing, a GREAT job, and have a lot of money left over, much more than 2016....",Chinavirus 
9/18/20,Biden FAILED BADLY with the Swine Flu. It was the Gang That Couldn‚Äôt Shoot Straight‚Äù. He didn‚Äôt have a clue. We have done an incredible job with the much tougher China Virus,Chinavirus 
9/30/20,"Many more people would have died from the China Virus if Sleepy Joe were your President. He didn‚Äôt even want me to close our Country to Infected China until TWO MONTHS later, when he said I was right. Now he likes to say I didn‚Äôt close up ‚Äúfast enough‚Äù. Just another politician!",Chinavirus 
10/5/20,"....invincible hero, who not only survived every dirty trick the Democrats threw at him, but the Chinese virus as well. He will show America we no longer have to be afraid.‚Äù mdevine@nypost.com Thank you Miranda. Was over until the Plague came in from China. Will win anyway!",Chinavirus 
10/7/20,"RT @stclairashley: The only thing Trump has called a lid on is China virus üî•",Chinavirus 
10/7/20,"Just spoke with Prime Minister @BorisJohnson of the United Kingdom. Very thankful for his friendship and support as I recovered from the China Virus. I am looking forward to working with him for many years to come, a great guy!",Chinavirus 
10/13/20,Totally Negative China Virus Reports. Hit it early and hard. Fake News is devastated. They are very bad (and sick!) people!,Chinavirus 
10/26/20,"We have made tremendous progress with the China Virus, but the Fake News refuses to talk about it this close to the Election. COVID, COVID, COVID is being used by them, in total coordination, in order to change our great early election numbers.Should be an election law violation!",Chinavirus 
10/27/20,"Death rate of people going into hospitals is MUCH LOWER now than it was. @MSNBC Wow, MSDNC has come a long way! The fact is that we have learned and done a lot about this Virus. Much different now than when it first arrived on our shores, and the World‚Äôs, from China!",Chinavirus 
11/16/20,European Countries are sadly getting clobbered by the China Virus. The Fake News does not like reporting this!,Chinavirus 
12/6/20,".@RudyGiuliani, by far the greatest mayor in the history of NYC, and who has been working tirelessly exposing the most corrupt election (by far!) in the history of the USA, has tested positive for the China Virus. Get better soon Rudy, we will carry on!!!",Chinavirus 
12/9/20,Germany has consistently been used by my obnoxious critics as the country that we should follow on the way to handle the China Virus. So much for that argument. I love Germany - Vaccines on the way!!! https://t.co/hEeKIqDMQn,Chinavirus 
12/18/20,"Europe and other parts of the World being hit hard by the China Virus - Germany, France, Spain and Italy, in particular. The vaccines are on their way!!!",Chinavirus 
12/19/20,"The entire WORLD is being badly hurt by the China Virus, but if you listen to the Fake News Lamestream Media, and Big Tech, you would think that we are the only one. No, but we are the Country that developed vaccines, and years ahead of schedule! https://t.co/z1UoJ8lbTm",Chinavirus 
12/24/20,"More than one million Americans have already received the China Virus Vaccine, a record pace!",Chinavirus 
12/26/20,"The lockdowns in Democrat run states are absolutely ruining the lives of so many people - Far more than the damage that would be caused by the China Virus. Cases in California have risen despite the lockdown, yet Florida & others are open & doing well. Common sense please!",Chinavirus 
12/29/20,"$2000 for our great people, not $600! They have suffered enough from the China Virus!!!",Chinavirus 
1/1/21,"Our Republican Senate just missed the opportunity to get rid of Section 230, which gives unlimited power to Big Tech companies. Pathetic!!! Now they want to give people ravaged by the China Virus $600, rather than the $2000 which they so desperately need. Not fair, or smart",Chinavirus 
1/3/20,"The number of cases and deaths of the China Virus is far exaggerated in the United States because of @CDCgov‚Äôs ridiculous method of determination compared to other countries, many of whom report, purposely, very inaccurately and low. ‚ÄúWhen in doubt, call it Covid.‚Äù Fake News!",Chinavirus 
3/13/20,"RT @AndrewHClark: Oh no! CNN's reporter just called it the ""Wuhan virus"" and added ""which originated, as we know, in Wuhan, China."" Someo‚Ä¶",wuhan virus
4/26/20,"RT @dbongino: Here‚Äôs what serial fraudster, & generational corruptocrat, Nancy Pelosi was REALLY up to when the Wuhan Virus was raging & th‚Ä¶",wuhan virus
10/7/20,"My highly regarded Executive Order protected 525,000 American jobs during the height of the Chinese Plague. Democrats want to have Open Borders!",Chinese plague 
5/2/20,"The Democrats are just, as always, looking for trouble. They do nothing constructive, even in times of crisis. They don‚Äôt want to blame their cash cow, China, for the plague. China is blaming Europe. Dr. Fauci will be testifying before the Senate very soon! #DONOTHINGDEMOCRATS https://t.co/fgHuYeiOQ",China plague 
5/13/20,"As I have said for a long time, dealing with China is a very expensive thing to do. We just made a great Trade Deal, the ink was barely dry, and the World was hit by the Plague from China. 100 Trade Deals wouldn‚Äôt make up the difference - and all those innocent lives lost!",China plague 
5/16/20,".....are therefore given massive advantages over The United States, and everyone else? Prior to the Plague floating in from China, our Economy was blowing everybody away, the best of any country, EVER. We will be there again, and soon!",China plague 
6/4/20,"RT @TeamTrump: Before the plague from China, America had the BEST Black unemployment rate in American history. President @realDonaldTrump‚Ä¶",China plague 
8/11/20,"More Testing, which is a good thing (we have the most in the world), equals more Cases, which is Fake News Gold. They use Cases to demean the incredible job being done by the great men & women of the U.S. fighting the China Plague!",China plague 
9/16/20,"Democrats are ‚Äúheartless‚Äù. They don‚Äôt want to give STIMULUS PAYMENTS to people who desperately need the money, and whose fault it was NOT that the plague came in from China. Go for the much higher numbers, Republicans, it all comes back to the USA anyway (one way or another!).",China plague 
10/11/20,"Record 96% Approval Rating in the Republican Party. 53% Approval Rating Overall. Record 56% ‚ÄúBetter Off Now‚Äù than 4 Years Ago (Gallup) during the Obama/Sleepy Joe Biden Administration, even as we round the turn on the China Plague. Thank you. Next year will be the BEST EVER!!!",China plague 
10/12/20,"Big spike in the China Plague in Europe and other places that the Fake News used to hold up as examples of places that are doing well, in order to make the U.S look bad. Be strong and vigilant, it will run its course. Vaccines and cures are coming fast!",China plague 
10/21/20,....Should take care of our people. It wasn‚Äôt their fault that the Plague came in from China!,China plague 
11/16/20,"Another Vaccine just announced. This time by Moderna, 95% effective. For those great ‚Äúhistorians‚Äù, please remember that these great discoveries, which will end the China Plague, all took place on my watch!",China plague 
5/12/20,"Asian Americans are VERY angry at what China has done to our Country, and the World. Chinese Americans are the most angry of all. I don‚Äôt blame them!",Asian
5/30/20,"Here we go again. Fake News @CNN is blaming RUSSIA, RUSSIA, RUSSIA. They are sick losers with VERY bad ratings! P.S. Can‚Äôt blame China because they need the cash?",Sick
2/28/20,"So, the Coronavirus, which started in China and spread to various countries throughout the world, but very slowly in the U.S. because President Trump closed our border, and ended flights, VERY EARLY, is now being blamed, by the Do Nothing Democrats, to be the fault of ‚ÄúTrump‚Äù.",China
3/5/20,"‚ÄúI want to commend the President for how he has handled the CoronaVirus situation, especially his early decision to shut down access into our Country from China, despite strong opposition to that decision.‚Äù @SenTomCotton Thank you Tom!",China
3/15/20,"....The USA was never set up for this, just look at the catastrophe of the H1N1 Swine Flu (Biden in charge, 17,000 people lost, very late response time), but it soon will be. Great decision to close our China, and other, borders early. Saved many lives!",China
3/23/20,"....us since the beginning of this crisis.‚Äù They meant the opposite? Forgot to mention that I closed our Country to China (and Europe) very early, long before it was considered acceptable to do so. Sleepy Joe said I was ‚Äúxenophobic‚Äù, but I saved thousands of lives! Fake News!",China
3/25/20,‚ÄúPresident Trump‚Äôs decision to very early on restrict travel from China saved tens of thousands of lives.‚Äù @LouDobbs @FoxBusiness,China
4/11/20,"So now the Fake News @nytimes is tracing the CoronaVirus origins back to Europe, NOT China. This is a first! I wonder where the Failing New York Times got for this one? Are there any NAMED sources? They were recently thrown out of China like dogs, and obviously want back in. Sad!",China
4/12/20,"Great businessman & philanthropist Bernie Marcus, Co-Founder of Home Depot, said that Congress was too distracted by the (phony) Impeachment Witch Hunt when they should have been investigating CoronaVirus when it first appeared in China. Media played a big roll also!@dcexaminer",China
4/16/20,"Crazy Nancy Pelosi deleted this from her Twitter account. She wanted everyone to pack into Chinatown long after I closed the BORDER TO CHINA. Based on her statement, she is responsible for many deaths. She‚Äôs an incompetent, third-rate politician! https://t.co/uWNI7DCG3o",China
5/10/20,"We are getting great marks for the handling of the CoronaVirus pandemic, especially the very early BAN of people from China, the infectious source, entering the USA. Compare that to the Obama/Sleepy Joe disaster known as H1N1 Swine Flu. Poor marks, bad polls - didn‚Äôt have a clue!",China
5/20/20,"Spokesman speaks stupidly on behalf of China, trying desperately to deflect the pain and carnage that their country spread throughout the world. Its disinformation and propaganda attack on the United States and Europe is a disgrace....",China
7/6/20,China has caused great damage to the United States and the rest of the World!,China
7/6/20,"The Democrats would not have BANNED travel from heavily infected China, especially so early, therefore, far more people would have died. Corrupt Joe Biden now admits this!!!",China
7/26/20,"Crazy Nancy Pelosi said I made a mistake when I banned people from infected China from entering the U.S. in January. Tens of thousands of lives were saved, as she danced in the Streets of Chinatown (SF) in late February. Biden agreed with her, but soon admitted that I was right",China
7/31/20,"Pelosi & Schumer blocked desperately needed unemployment payments, which is so terrible, especially since they fully understand that it was not the workers fault that they are unemployed, it‚Äôs the fault of China!",China
8/3/20,"RECORD HIGH NASDAQ! It would all come crashing down, including your Jobs, Stocks, and 401k‚Äôs, if Sleepy Joe ever became President. China and others would own us!!!",China
8/15/20,"RT @LizRNC: Biden and Harris didn't mention China a single time in their announcement Meanwhile, President Trump is holding China accountable...",China
8/23/20,"Chris Wallace ‚Äúforgot‚Äù to ask a very weak and pathetic Schumer puppet, Senator Chrisie Coons, why Biden fought me when I put an extremely early BAN on people coming into our Country from heavily infected China. Biden later admitted I was right! But why no question?",China
10/19/20,"Dr.Tony Fauci says we don‚Äôt allow him to do television, and yet I saw him last night on @60Minutes, and he seems to get more airtime than anybody since the late, great, Bob Hope. All I ask of Tony is that he make better decisions. He said ‚Äúno masks & let China in‚Äù. Also, Bad arm!",China
11/30/20,RT @thebradfordfile: Even CNN is now admitting China lied about Covid cases and deaths. Trump was right--again.,China
3/22/20,"RT @WhiteHouse: The Chinese Communist Party, Russia, Iran, and bad actors around the world are spreading misinformation and lies about the‚Ä¶",Chinese
3/23/20,RT @DonaldJTrumpJr: WHO Spread False Chinese Government Propaganda: Coronavirus Not Contagious Among Humans https://t.co/Wf0NpA9o7t,Chinese
3/23/20,RT @TrumpWarRoom: ‚ö†Ô∏è THREAD: President @realDonaldTrump took decisive action from the beginning to protect Americans from the Chinese coron‚Ä¶,Chinese
4/8/20,RT @AP: The last restrictions on movement have been lifted in the central Chinese city where the coronavirus pandemic began. People are goi‚Ä¶,Chinese
4/17/20,"RT @charliekirk11: In January, The WHO tweeted that China found no evidence of human-to-human transmission of COVID-19 This was a Chinese‚Ä¶",Chinese